{
  "nm": "male",
  "v": "5.9.6",
  "fr": 60,
  "ip": 0,
  "op": 120,
  "w": 500,
  "h": 500,
  "ddd": 0,
  "markers": [],
  "assets": [
    {
      "nm": "[FRAME CLIPS CONTENT] Vector - Null / Vector",
      "fr": 60,
      "id": "lce7v5ld2hnymz4p2c7",
      "layers": [
        {
          "ty": 3,
          "ddd": 0,
          "ind": 15346,
          "hd": false,
          "nm": "male - Null",
          "ks": {
            "a": {"a": 0, "k": [0, 0]},
            "o": {"a": 0, "k": 100},
            "p": {"a": 0, "k": [0, 0]},
            "r": {"a": 0, "k": 0},
            "s": {"a": 0, "k": [100, 100]},
            "sk": {"a": 0, "k": 0},
            "sa": {"a": 0, "k": 0}
          },
          "st": 0,
          "ip": 0,
          "op": 120,
          "bm": 0,
          "sr": 1
        },
        {
          "ty": 3,
          "ddd": 0,
          "ind": 38751,
          "hd": false,
          "nm": "Vector - Null",
          "parent": 15346,
          "ks": {
            "a": {"a": 0, "k": [0, 400]},
            "o": {"a": 0, "k": 100},
            "p": {"a": 0, "k": [50, 450]},
            "r": {"a": 1, "k": [{"t":0,"s":[0],"o":{"x":[0.33],"y":[0]},"i":{"x":[0.67],"y":[1]}},{"t":15.584415584415583,"s":[12.67],"o":{"x":[0.33],"y":[0]},"i":{"x":[0.67],"y":[1]}},{"t":31.948051948051944,"s":[9.28],"o":{"x":[0.33],"y":[0]},"i":{"x":[0.67],"y":[1]}},{"t":47.532467532467535,"s":[10.19],"o":{"x":[0.33],"y":[0]},"i":{"x":[0.67],"y":[1]}},{"t":60,"s":[10],"o":{"x":[0.33],"y":[0]},"i":{"x":[0.67],"y":[1]}},{"t":75.5844155844156,"s":[-2.67],"o":{"x":[0.33],"y":[0]},"i":{"x":[0.67],"y":[1]}},{"t":91.94805194805194,"s":[0.72],"o":{"x":[0.33],"y":[0]},"i":{"x":[0.67],"y":[1]}},{"t":107.53246753246754,"s":[-0.19],"o":{"x":[0.33],"y":[0]},"i":{"x":[0.67],"y":[1]}},{"t":120,"s":[0]}]},
            "s": {"a": 0, "k": [95, 95]},
            "sk": {"a": 0, "k": 0},
            "sa": {"a": 0, "k": 0}
          },
          "st": 0,
          "ip": 0,
          "op": 120,
          "bm": 0,
          "sr": 1
        },
        {
          "ty": 4,
          "ddd": 0,
          "ind": 69806,
          "hd": false,
          "nm": "Vector",
          "parent": 38751,
          "ks": {
            "a": {"a": 0, "k": [0, 0]},
            "p": {"a": 0, "k": [0, 0]},
            "s": {"a": 0, "k": [95, 95]},
            "sk": {"a": 0, "k": 0},
            "sa": {"a": 0, "k": 0},
            "r": {"a": 0, "k": 0},
            "o": {"a": 0, "k": 100}
          },
          "st": 0,
          "ip": 0,
          "op": 120,
          "bm": 0,
          "sr": 1,
          "shapes": [
            {
              "ty": "sh",
              "nm": "Path",
              "hd": false,
              "ks": {
                "a": 0,
                "k": {
                  "c": true,
                  "v": [[258.75,13.2143],[278.5714,0],[378.5714,0],[400,21.4286],[400,121.4286],[386.7857,141.25],[363.3928,136.6072],[333.5714,106.7858],[286.6071,153.7501],[314.2857,242.8573],[157.1428,400.0002],[-0.0001,242.8573],[157.1428,85.7144],[246.2499,113.393],[293.2142,66.4287],[263.3928,36.6073],[258.7499,13.2144],[258.75,13.2143]],
                  "i": [[0,0],[-8.6607,0],[0,0],[0,-11.875],[0,0],[8.0357,-3.3036],[6.1607,6.1607],[0,0],[0,0],[0,-33.125],[86.7857,0],[0,86.7857],[-86.7857,0],[-25.3571,-17.5],[0,0],[0,0],[-3.3036,8.0357],[0,0]],
                  "o": [[3.3035699999999792,-8.03571],[0,0],[11.875,0],[0,0],[0,8.660710000000009],[-8.035709999999995,3.3035700000000077],[0,0],[0,0],[17.410709999999995,25.357139999999987],[0,86.78571],[-86.78571,0],[0,-86.78571],[33.035709999999995,0],[0,0],[0,0],[-6.160709999999995,-6.160710000000002],[0,0],[0,0]]
                }
              }
            },
            {
              "ty": "sh",
              "nm": "Path",
              "hd": false,
              "ks": {
                "a": 0,
                "k": {
                  "c": true,
                  "v": [[157.1429,342.8571],[257.1429,242.8571],[157.1429,142.8571],[57.1429,242.8571],[157.1429,342.8571],[157.1429,342.8571]],
                  "i": [[0,0],[0,55.2679],[55.2679,0],[0,-55.2679],[-55.2679,0],[0,0]],
                  "o": [[55.267859999999985,0],[0,-55.267859999999985],[-55.26786,0],[0,55.267859999999985],[0,0],[0,0]]
                }
              }
            },
            {
              "ty": "fl",
              "o": {"a": 0, "k": 100},
              "c": {"a": 0, "k": [0.11764705882352941,0.11764705882352941,0.11764705882352941,1]},
              "nm": "Fill",
              "hd": false,
              "r": 1
            }
          ],
          "ef": []
        }
      ]
    }
  ],
  "layers": [
    {
      "ddd": 0,
      "ty": 0,
      "nm": "male",
      "refId": "lce7v5ld2hnymz4p2c7",
      "sr": 1,
      "ks": {
        "a": {"a": 0, "k": [0, 0]},
        "p": {"a": 0, "k": [0, 0]},
        "s": {"a": 0, "k": [100, 100]},
        "sk": {"a": 0, "k": 0},
        "sa": {"a": 0, "k": 0},
        "r": {"a": 0, "k": 0},
        "o": {"a": 0, "k": 100}
      },
      "ao": 0,
      "w": 500,
      "h": 500,
      "ip": 0,
      "op": 120,
      "st": 0,
      "hd": false
    }
  ],
  "meta": {"a": "", "d": "", "tc": "", "g": "Aninix"}
}
