{
  "nm": "transgender",
  "v": "5.9.6",
  "fr": 60,
  "ip": 0,
  "op": 120,
  "w": 500,
  "h": 500,
  "ddd": 0,
  "markers": [],
  "assets": [
    {
      "nm": "[FRAME CLIPS CONTENT] Vector - Null / Vector",
      "fr": 60,
      "id": "lce80q2epzo18uhayh9",
      "layers": [
        {
          "ty": 3,
          "ddd": 0,
          "ind": 61729,
          "hd": false,
          "nm": "transgender - Null",
          "ks": {
            "a": {"a": 0, "k": [0, 0]},
            "o": {"a": 0, "k": 100},
            "p": {"a": 0, "k": [0, 0]},
            "r": {"a": 0, "k": 0},
            "s": {"a": 0, "k": [100, 100]},
            "sk": {"a": 0, "k": 0},
            "sa": {"a": 0, "k": 0}
          },
          "st": 0,
          "ip": 0,
          "op": 120,
          "bm": 0,
          "sr": 1
        },
        {
          "ty": 3,
          "ddd": 0,
          "ind": 36961,
          "hd": false,
          "nm": "Vector - Null",
          "parent": 61729,
          "ks": {
            "a": {"a": 0, "k": [156.25, 200]},
            "o": {"a": 0, "k": 100},
            "p": {"a": 0, "k": [250.25, 250]},
            "r": {"a": 1, "k": [{"t":0,"s":[0],"o":{"x":[0.33],"y":[0]},"i":{"x":[0.67],"y":[1]}},{"t":15.584415584415583,"s":[-25.33],"o":{"x":[0.33],"y":[0]},"i":{"x":[0.67],"y":[1]}},{"t":31.948051948051944,"s":[-18.57],"o":{"x":[0.33],"y":[0]},"i":{"x":[0.67],"y":[1]}},{"t":47.532467532467535,"s":[-20.38],"o":{"x":[0.33],"y":[0]},"i":{"x":[0.67],"y":[1]}},{"t":60,"s":[-20],"o":{"x":[0.33],"y":[0]},"i":{"x":[0.67],"y":[1]}},{"t":75.5844155844156,"s":[5.33],"o":{"x":[0.33],"y":[0]},"i":{"x":[0.67],"y":[1]}},{"t":91.94805194805194,"s":[-1.43],"o":{"x":[0.33],"y":[0]},"i":{"x":[0.67],"y":[1]}},{"t":107.53246753246754,"s":[0.38],"o":{"x":[0.33],"y":[0]},"i":{"x":[0.67],"y":[1]}},{"t":120,"s":[0]}]},
            "s": {"a": 0, "k": [95, 95]},
            "sk": {"a": 0, "k": 0},
            "sa": {"a": 0, "k": 0}
          },
          "st": 0,
          "ip": 0,
          "op": 120,
          "bm": 0,
          "sr": 1
        },
        {
          "ty": 4,
          "ddd": 0,
          "ind": 57844,
          "hd": false,
          "nm": "Vector",
          "parent": 36961,
          "ks": {
            "a": {"a": 0, "k": [0, 0]},
            "p": {"a": 0, "k": [0, 0]},
            "s": {"a": 0, "k": [95, 95]},
            "sk": {"a": 0, "k": 0},
            "sa": {"a": 0, "k": 0},
            "r": {"a": 0, "k": 0},
            "o": {"a": 0, "k": 100}
          },
          "st": 0,
          "ip": 0,
          "op": 120,
          "bm": 0,
          "sr": 1,
          "shapes": [
            {
              "ty": "sh",
              "nm": "Path",
              "hd": false,
              "ks": {
                "a": 0,
                "k": {
                  "c": true,
                  "v": [[188.9062,11.5625],[206.25,0],[293.75,0],[312.5,18.75],[312.5,106.25],[300.9375,123.5938],[280.4688,119.5313],[250.0001,89.0626],[230.7032,108.3595],[250.0001,175.0001],[143.672,298.5938],[143.7501,300.0001],[143.7501,318.5938],[162.5001,318.5938],[181.2501,337.3438],[162.5001,356.0938],[143.7501,356.0938],[143.7501,381.2501],[125.0001,400.0001],[106.2501,381.2501],[106.2501,378.9063],[106.2501,378.6719],[106.2501,370.3907],[106.2501,370.3126],[106.2501,370.2345],[106.2501,370.1564],[106.2501,367.1877],[106.2501,366.8752],[106.2501,356.2502],[87.5001,356.2502],[68.7501,337.5002],[87.5001,318.7502],[106.2501,318.7502],[106.2501,303.2815],[106.2501,303.1253],[106.2501,302.9691],[106.2501,302.8129],[106.2501,300.0004],[106.3282,298.5942],[0.0001,175.0005],[125.0001,50.0005],[206.0938,79.8443],[223.5157,62.5006],[192.9688,32.0319],[188.9063,11.5632],[188.9062,11.5625]],
                  "i": [[0,0],[-7.5781,0],[0,0],[0,-10.3906],[0,0],[7.0313,-2.8906],[5.3906,5.3906],[0,0],[0,0],[0,-24.5312],[60.1563,-8.9844],[0,-0.4687],[0,0],[0,0],[0,-10.3906],[10.3906,0],[0,0],[0,0],[10.3906,0],[0,10.3906],[0,0],[0,0],[0,0],[0,0],[0,0],[0,0],[0,0],[0,0],[0,0],[0,0],[0,10.3906],[-10.3906,0],[0,0],[0,0],[0,0],[0,0],[0,0],[0,0],[-0.0781,0.4688],[0,62.6563],[-69.0625,0],[-21.7969,-18.5937],[0,0],[0,0],[-2.8906,7.0313],[0,0]],
                  "o": [[2.8906299999999874,-7.03125],[0,0],[10.390629999999987,0],[0,0],[0,7.578130000000002],[-7.03125,2.8906300000000016],[0,0],[0,0],[12.265629999999987,19.21875],[0,62.65625],[0,0.46875],[0,0],[0,0],[10.390629999999987,0],[0,10.390629999999987],[0,0],[0,0],[0,10.390629999999987],[-10.390619999999998,0],[0,0],[0,0],[0,0],[0,0],[0,0],[0,0],[0,0],[0,0],[0,0],[0,0],[-10.390619999999998,0],[0,-10.390620000000013],[0,0],[0,0],[0,0],[0,0],[0,0],[0,0],[0,-0.46875],[-60.15625,-8.984370000000013],[0,-69.0625],[30.9375,0],[0,0],[0,0],[-5.390620000000013,-5.390619999999998],[0,0],[0,0]]
                }
              }
            },
            {
              "ty": "sh",
              "nm": "Path",
              "hd": false,
              "ks": {
                "a": 0,
                "k": {
                  "c": true,
                  "v": [[125,100],[200,175],[125,250],[50,175],[125,100],[125,100]],
                  "i": [[0,0],[0,-41.4062],[41.4063,0],[0,41.4063],[-41.4062,0],[0,0]],
                  "o": [[41.40625,0],[0,41.40625],[-41.40625,0],[0,-41.40625],[0,0],[0,0]]
                }
              }
            },
            {
              "ty": "sh",
              "nm": "Path",
              "hd": false,
              "ks": {
                "a": 0,
                "k": {
                  "c": false,
                  "v": [[106.25,370.3906],[106.25,370.2344]],
                  "i": [[0,0],[0,0]],
                  "o": [[0,0],[0,0]]
                }
              }
            },
            {
              "ty": "sh",
              "nm": "Path",
              "hd": false,
              "ks": {
                "a": 0,
                "k": {
                  "c": false,
                  "v": [[106.25,370.3125],[106.25,370.1563]],
                  "i": [[0,0],[0,0]],
                  "o": [[0,0],[0,0]]
                }
              }
            },
            {
              "ty": "sh",
              "nm": "Path",
              "hd": false,
              "ks": {
                "a": 0,
                "k": {
                  "c": false,
                  "v": [[106.25,303.2813],[106.25,302.9688]],
                  "i": [[0,0],[0,0]],
                  "o": [[0,0],[0,0]]
                }
              }
            },
            {
              "ty": "sh",
              "nm": "Path",
              "hd": false,
              "ks": {
                "a": 0,
                "k": {
                  "c": false,
                  "v": [[106.25,303.125],[106.25,302.8125]],
                  "i": [[0,0],[0,0]],
                  "o": [[0,0],[0,0]]
                }
              }
            },
            {
              "ty": "fl",
              "o": {"a": 0, "k": 100},
              "c": {"a": 0, "k": [0.11764705882352941,0.11764705882352941,0.11764705882352941,1]},
              "nm": "Fill",
              "hd": false,
              "r": 2
            }
          ],
          "ef": []
        }
      ]
    }
  ],
  "layers": [
    {
      "ddd": 0,
      "ty": 0,
      "nm": "transgender",
      "refId": "lce80q2epzo18uhayh9",
      "sr": 1,
      "ks": {
        "a": {"a": 0, "k": [0, 0]},
        "p": {"a": 0, "k": [0, 0]},
        "s": {"a": 0, "k": [100, 100]},
        "sk": {"a": 0, "k": 0},
        "sa": {"a": 0, "k": 0},
        "r": {"a": 0, "k": 0},
        "o": {"a": 0, "k": 100}
      },
      "ao": 0,
      "w": 500,
      "h": 500,
      "ip": 0,
      "op": 120,
      "st": 0,
      "hd": false
    }
  ],
  "meta": {"a": "", "d": "", "tc": "", "g": "Aninix"}
}
