{
  "v": "5.5.8",
  "fr": 29.9700012207031,
  "ip": 0,
  "op": 90.0000036657751,
  "w": 128,
  "h": 128,
  "nm": "Error",
  "ddd": 0,
  "assets": [],
  "layers": [
    {
      "ddd": 0,
      "ind": 1,
      "ty": 4,
      "nm": "Error Icon",
      "sr": 1,
      "ks": {
        "o": {"a": 0, "k": 100, "ix": 11},
        "r": {"a": 0, "k": 0, "ix": 10},
        "p": {"a": 0, "k": [63.5, 63.5, 0], "ix": 2},
        "a": {"a": 0, "k": [48, 48, 0], "ix": 1},
        "s": {"a": 0, "k": [95, 95, 100], "ix": 6}
      },
      "ao": 0,
      "shapes": [
        {
          "ty": "gr",
          "it": [
            {
              "ty": "gr",
              "it": [
                {
                  "ind": 0,
                  "ty": "sh",
                  "ix": 1,
                  "ks": {
                    "a": 0,
                    "k": {
                      "i": [[0, 0], [0, 0]],
                      "o": [[0, 0], [0, 0]],
                      "v": [[13, 13], [-13, -13]],
                      "c": false
                    },
                    "ix": 2
                  },
                  "nm": "Path 1",
                  "mn": "ADBE Vector Shape - Group",
                  "hd": false
                },
                {
                  "ty": "tm",
                  "s": {"a": 0, "k": 100, "ix": 1},
                  "e": {"a": 0, "k": 0, "ix": 2},
                  "o": {"a": 0, "k": 0, "ix": 3},
                  "m": 1,
                  "ix": 2,
                  "nm": "Trim Paths 1",
                  "mn": "ADBE Vector Filter - Trim",
                  "hd": false
                },
                {
                  "ty": "st",
                  "c": {"a": 0, "k": [0.11764705882352941, 0.11764705882352941, 0.11764705882352941, 1], "ix": 3},
                  "o": {"a": 0, "k": 100, "ix": 4},
                  "w": {"a": 0, "k": 13, "ix": 5},
                  "lc": 2,
                  "lj": 2,
                  "bm": 0,
                  "nm": "Stroke 1",
                  "mn": "ADBE Vector Graphic - Stroke",
                  "hd": false
                },
                {
                  "ty": "tr",
                  "p": {"a": 0, "k": [48.5, 48.5], "ix": 2},
                  "a": {"a": 0, "k": [0, 0], "ix": 1},
                  "s": {"a": 0, "k": [100, 100], "ix": 3},
                  "r": {"a": 0, "k": 0, "ix": 6},
                  "o": {"a": 0, "k": 100, "ix": 7},
                  "sk": {"a": 0, "k": 0, "ix": 4},
                  "sa": {"a": 0, "k": 0, "ix": 5},
                  "nm": "Transform"
                }
              ],
              "nm": "Line 1",
              "np": 3,
              "cix": 2,
              "bm": 0,
              "ix": 1,
              "mn": "ADBE Vector Group",
              "hd": false
            },
            {
              "ty": "gr",
              "it": [
                {
                  "ind": 0,
                  "ty": "sh",
                  "ix": 1,
                  "ks": {
                    "a": 0,
                    "k": {
                      "i": [[0, 0], [0, 0]],
                      "o": [[0, 0], [0, 0]],
                      "v": [[-13, 13], [13, -13]],
                      "c": false
                    },
                    "ix": 2
                  },
                  "nm": "Path 1",
                  "mn": "ADBE Vector Shape - Group",
                  "hd": false
                },
                {
                  "ty": "tm",
                  "s": {"a": 0, "k": 100, "ix": 1},
                  "e": {"a": 0, "k": 0, "ix": 2},
                  "o": {"a": 0, "k": 0, "ix": 3},
                  "m": 1,
                  "ix": 2,
                  "nm": "Trim Paths 1",
                  "mn": "ADBE Vector Filter - Trim",
                  "hd": false
                },
                {
                  "ty": "st",
                  "c": {"a": 0, "k": [0.11764705882352941, 0.11764705882352941, 0.11764705882352941, 1], "ix": 3},
                  "o": {"a": 0, "k": 100, "ix": 4},
                  "w": {"a": 0, "k": 13, "ix": 5},
                  "lc": 2,
                  "lj": 2,
                  "bm": 0,
                  "nm": "Stroke 1",
                  "mn": "ADBE Vector Graphic - Stroke",
                  "hd": false
                },
                {
                  "ty": "tr",
                  "p": {"a": 0, "k": [48.5, 48.5], "ix": 2},
                  "a": {"a": 0, "k": [0, 0], "ix": 1},
                  "s": {"a": 0, "k": [100, 100], "ix": 3},
                  "r": {"a": 0, "k": 0, "ix": 6},
                  "o": {"a": 0, "k": 100, "ix": 7},
                  "sk": {"a": 0, "k": 0, "ix": 4},
                  "sa": {"a": 0, "k": 0, "ix": 5},
                  "nm": "Transform"
                }
              ],
              "nm": "Line 2",
              "np": 3,
              "cix": 2,
              "bm": 0,
              "ix": 2,
              "mn": "ADBE Vector Group",
              "hd": false
            },
            {
              "ty": "tr",
              "p": {"a": 1, "k": [{"i": {"x": 0.833, "y": 0.833}, "o": {"x": 0.167, "y": 0.167}, "t": 0, "s": [48.5, 48.5], "to": [0.667, 0], "ti": [0.667, 0]}, {"i": {"x": 0.833, "y": 0.833}, "o": {"x": 0.167, "y": 0.167}, "t": 5, "s": [52.5, 48.5], "to": [-0.667, 0], "ti": [0.333, 0]}, {"i": {"x": 0.833, "y": 0.833}, "o": {"x": 0.167, "y": 0.167}, "t": 10, "s": [44.5, 48.5], "to": [-0.333, 0], "ti": [-0.667, 0]}, {"i": {"x": 0.833, "y": 0.833}, "o": {"x": 0.167, "y": 0.167}, "t": 15, "s": [50.5, 48.5], "to": [0.667, 0], "ti": [0.333, 0]}, {"t": 20.0000008146167, "s": [48.5, 48.5]}], "ix": 2},
              "a": {"a": 0, "k": [48.5, 48.5], "ix": 1},
              "s": {"a": 0, "k": [100, 100], "ix": 3},
              "r": {"a": 0, "k": 0, "ix": 6},
              "o": {"a": 0, "k": 100, "ix": 7},
              "sk": {"a": 0, "k": 0, "ix": 4},
              "sa": {"a": 0, "k": 0, "ix": 5},
              "nm": "Transform"
            }
          ],
          "nm": "X",
          "np": 2,
          "cix": 2,
          "bm": 0,
          "ix": 1,
          "mn": "ADBE Vector Group",
          "hd": false
        },
        {
          "ty": "gr",
          "it": [
            {
              "ind": 0,
              "ty": "sh",
              "ix": 1,
              "ks": {
                "a": 0,
                "k": {
                  "i": [[25.571, 0], [0, -25.572], [-25.572, 0], [0, 25.571]],
                  "o": [[-25.572, 0], [0, 25.571], [25.571, 0], [0, -25.572]],
                  "v": [[0, -46.5], [-46.5, 0], [0, 46.5], [46.5, 0]],
                  "c": true
                },
                "ix": 2
              },
              "nm": "Path 1",
              "mn": "ADBE Vector Shape - Group",
              "hd": false
            },
            {
              "ty": "st",
              "c": {"a": 0, "k": [0.11764705882352941, 0.11764705882352941, 0.11764705882352941, 1], "ix": 3},
              "o": {"a": 0, "k": 100, "ix": 4},
              "w": {"a": 0, "k": 13, "ix": 5},
              "lc": 1,
              "lj": 1,
              "ml": 4,
              "bm": 0,
              "nm": "Stroke 1",
              "mn": "ADBE Vector Graphic - Stroke",
              "hd": false
            },
            {
              "ty": "tr",
              "p": {"a": 0, "k": [48, 48], "ix": 2},
              "a": {"a": 0, "k": [0, 0], "ix": 1},
              "s": {"a": 0, "k": [100, 100], "ix": 3},
              "r": {"a": 0, "k": 0, "ix": 6},
              "o": {"a": 0, "k": 100, "ix": 7},
              "sk": {"a": 0, "k": 0, "ix": 4},
              "sa": {"a": 0, "k": 0, "ix": 5},
              "nm": "Transform"
            }
          ],
          "nm": "Circle",
          "np": 2,
          "cix": 2,
          "bm": 0,
          "ix": 2,
          "mn": "ADBE Vector Group",
          "hd": false
        }
      ],
      "ip": 0,
      "op": 90.0000036657751,
      "st": 0,
      "bm": 0
    }
  ],
  "markers": []
}
