{
  "nm": "female",
  "v": "5.9.6",
  "fr": 60,
  "ip": 0,
  "op": 120,
  "w": 500,
  "h": 500,
  "ddd": 0,
  "markers": [],
  "assets": [
    {
      "nm": "[FRAME CLIPS CONTENT] Vector - Null / Vector",
      "fr": 60,
      "id": "lce7xf7nyg60es7x68",
      "layers": [
        {
          "ty": 3,
          "ddd": 0,
          "ind": 98445,
          "hd": false,
          "nm": "female - Null",
          "ks": {
            "a": {"a": 0, "k": [0, 0]},
            "o": {"a": 0, "k": 100},
            "p": {"a": 0, "k": [0, 0]},
            "r": {"a": 0, "k": 0},
            "s": {"a": 0, "k": [100, 100]},
            "sk": {"a": 0, "k": 0},
            "sa": {"a": 0, "k": 0}
          },
          "st": 0,
          "ip": 0,
          "op": 120,
          "bm": 0,
          "sr": 1
        },
        {
          "ty": 3,
          "ddd": 0,
          "ind": 19037,
          "hd": false,
          "nm": "Vector - Null",
          "parent": 98445,
          "ks": {
            "a": {"a": 0, "k": [137.5, 0]},
            "o": {"a": 0, "k": 100},
            "p": {"a": 0, "k": [250.5, 50]},
            "r": {"a": 1, "k": [{"t":0,"s":[0],"o":{"x":[0.33],"y":[0]},"i":{"x":[0.67],"y":[1]}},{"t":15.584415584415583,"s":[-25.33],"o":{"x":[0.33],"y":[0]},"i":{"x":[0.67],"y":[1]}},{"t":31.948051948051944,"s":[-18.57],"o":{"x":[0.33],"y":[0]},"i":{"x":[0.67],"y":[1]}},{"t":47.532467532467535,"s":[-20.38],"o":{"x":[0.33],"y":[0]},"i":{"x":[0.67],"y":[1]}},{"t":60,"s":[-20],"o":{"x":[0.33],"y":[0]},"i":{"x":[0.67],"y":[1]}},{"t":75.5844155844156,"s":[5.33],"o":{"x":[0.33],"y":[0]},"i":{"x":[0.67],"y":[1]}},{"t":91.94805194805194,"s":[-1.43],"o":{"x":[0.33],"y":[0]},"i":{"x":[0.67],"y":[1]}},{"t":107.53246753246754,"s":[0.38],"o":{"x":[0.33],"y":[0]},"i":{"x":[0.67],"y":[1]}},{"t":120,"s":[0]}]},
            "s": {"a": 0, "k": [95, 95]},
            "sk": {"a": 0, "k": 0},
            "sa": {"a": 0, "k": 0}
          },
          "st": 0,
          "ip": 0,
          "op": 120,
          "bm": 0,
          "sr": 1
        },
        {
          "ty": 4,
          "ddd": 0,
          "ind": 77726,
          "hd": false,
          "nm": "Vector",
          "parent": 19037,
          "ks": {
            "a": {"a": 0, "k": [0, 0]},
            "p": {"a": 0, "k": [0, 0]},
            "s": {"a": 0, "k": [95, 95]},
            "sk": {"a": 0, "k": 0},
            "sa": {"a": 0, "k": 0},
            "r": {"a": 0, "k": 0},
            "o": {"a": 0, "k": 100}
          },
          "st": 0,
          "ip": 0,
          "op": 120,
          "bm": 0,
          "sr": 1,
          "shapes": [
            {
              "ty": "sh",
              "nm": "Path",
              "hd": false,
              "ks": {
                "a": 0,
                "k": {
                  "c": true,
                  "v": [[225,137.5],[137.5,225],[50,137.5],[137.5,50],[225,137.5],[225,137.5]],
                  "i": [[0,0],[48.3594,0],[0,48.3594],[-48.3594,0],[0,-48.3594],[0,0]],
                  "o": [[0,48.35937999999999],[-48.35938,0],[0,-48.35938],[48.35937999999999,0],[0,0],[0,0]]
                }
              }
            },
            {
              "ty": "sh",
              "nm": "Path",
              "hd": false,
              "ks": {
                "a": 0,
                "k": {
                  "c": true,
                  "v": [[162.5,272.7344],[275,137.5],[137.5,0],[0,137.5],[112.5,272.7344],[112.5,300],[87.5,300],[62.5,325],[87.5,350],[112.5,350],[112.5,375],[137.5,400],[162.5,375],[162.5,350],[187.5,350],[212.5,325],[187.5,300],[162.5,300],[162.5,272.7344]],
                  "i": [[0,0],[0,67.4219],[75.9375,0],[0,-75.9375],[-63.9844,-11.7187],[0,0],[0,0],[0,-13.8281],[-13.8281,0],[0,0],[0,0],[-13.8281,0],[0,13.8281],[0,0],[0,0],[0,13.8281],[13.8281,0],[0,0],[0,0]],
                  "o": [[63.98437999999999,-11.71875],[0,-75.9375],[-75.9375,0],[0,67.42187999999999],[0,0],[0,0],[-13.828130000000002,0],[0,13.828129999999987],[0,0],[0,0],[0,13.828129999999987],[13.828129999999987,0],[0,0],[0,0],[13.828129999999987,0],[0,-13.828129999999987],[0,0],[0,0],[0,0]]
                }
              }
            },
            {
              "ty": "fl",
              "o": {"a": 0, "k": 100},
              "c": {"a": 0, "k": [0.11764705882352941,0.11764705882352941,0.11764705882352941,1]},
              "nm": "Fill",
              "hd": false,
              "r": 1
            }
          ],
          "ef": []
        }
      ]
    }
  ],
  "layers": [
    {
      "ddd": 0,
      "ty": 0,
      "nm": "female",
      "refId": "lce7xf7nyg60es7x68",
      "sr": 1,
      "ks": {
        "a": {"a": 0, "k": [0, 0]},
        "p": {"a": 0, "k": [0, 0]},
        "s": {"a": 0, "k": [100, 100]},
        "sk": {"a": 0, "k": 0},
        "sa": {"a": 0, "k": 0},
        "r": {"a": 0, "k": 0},
        "o": {"a": 0, "k": 100}
      },
      "ao": 0,
      "w": 500,
      "h": 500,
      "ip": 0,
      "op": 120,
      "st": 0,
      "hd": false
    }
  ],
  "meta": {"a": "", "d": "", "tc": "", "g": "Aninix"}
}
